COMMON_NAME,OFFICIAL_NAME,CAPITAL_CITY,LAT,LNG,AREA,GMAPS_URL,OPEN_MAPS_URL,POPULATION,CONTINENTS
"South Georgia","South Georgia and the South Sandwich Islands","King Edward Point","-54.5","-37","3903","https://goo.gl/maps/mJzdaBwKBbm2B81q9","https://www.openstreetmap.org/relation/1983629","30","Antarctica"
"Grenada","Grenada","St. George's","12.11666666","-61.66666666","344","https://goo.gl/maps/rqWyfUAt4xhvk1Zy9","https://www.openstreetmap.org/relation/550727","112519","North America"
"Switzerland","Swiss Confederation","Bern","47","8","41284","https://goo.gl/maps/uVuZcXaxSx5jLyEC9","https://www.openstreetmap.org/relation/51701","8654622","Europe"
"Sierra Leone","Republic of Sierra Leone","Freetown","8.5","-11.5","71740","https://goo.gl/maps/jhacar85oq9QaeKB7","https://www.openstreetmap.org/relation/192777","7976985","Africa"
"Hungary","Hungary","Budapest","47","20","93028","https://goo.gl/maps/9gfPupm5bffixiFJ6","https://www.openstreetmap.org/relation/21335","9749763","Europe"
"Taiwan","Republic of China (Taiwan)","Taipei","23.5","121","36193","https://goo.gl/maps/HgMKFQjNadF3Wa6B6","https://www.openstreetmap.org/relation/449220","23503349","Asia"
"Wallis and Futuna","Territory of the Wallis and Futuna Islands","Mata-Utu","-13.3","-176.2","142","https://goo.gl/maps/CzVqK74QYtbHv65r5","https://www.openstreetmap.org/relation/3412448","11750","Oceania"
"Barbados","Barbados","Bridgetown","13.16666666","-59.53333333","430","https://goo.gl/maps/2m36v8STvbGAWd9c7","https://www.openstreetmap.org/relation/547511","287371","North America"
"Pitcairn Islands","Pitcairn Group of Islands","Adamstown","-25.06666666","-130.1","47","https://goo.gl/maps/XGJMnMAigXjXcxSa7","https://www.openstreetmap.org/relation/2185375","56","Oceania"
"Ivory Coast","Republic of Côte d'Ivoire","Yamoussoukro","8","-5","322463","https://goo.gl/maps/wKsmN7f5qAeNtGjP6","https://www.openstreetmap.org/relation/192779","26378275","Africa"
"Tunisia","Tunisian Republic","Tunis","34","9","163610","https://goo.gl/maps/KgUmpZdUuNRaougs8","https://www.openstreetmap.org/relation/192757","11818618","Africa"
"Italy","Italian Republic","Rome","42.83333333","12.83333333","301336","https://goo.gl/maps/8M1K27TDj7StTRTq8","https://www.openstreetmap.org/relation/365331","59554023","Europe"
"Benin","Republic of Benin","Porto-Novo","9.5","2.25","112622","https://goo.gl/maps/uMw1BsHEXQYgVFFu6","https://www.openstreetmap.org/relation/192784","12123198","Africa"
"Indonesia","Republic of Indonesia","Jakarta","-5","120","1904569","https://goo.gl/maps/9gfPupm5bffixiFJ6","https://www.openstreetmap.org/relation/21335","273523621","Asia"
"Cape Verde","Republic of Cabo Verde","Praia","16.5388","-23.0418","4033","https://goo.gl/maps/Kc9vy5ChjuiAgMfXA","https://www.openstreetmap.org/relation/535774","555988","Africa"
"Saint Kitts and Nevis","Federation of Saint Christopher and Nevis","Basseterre","17.33333333","-62.75","261","https://goo.gl/maps/qiaVwcLVTXX3eoTNA","https://www.openstreetmap.org/relation/536899","53192","North America"
"Laos","Lao People's Democratic Republic","Vientiane","18","105","236800","https://goo.gl/maps/F3asVB7sRKgSnwbE7","https://www.openstreetmap.org/relation/49903","7275556","Asia"
"Caribbean Netherlands","Bonaire, Sint Eustatius and Saba","Kralendijk","12.18","-68.25","328","https://goo.gl/maps/4XVes1P6uEDTz77WA","https://www.openstreetmap.org/relation/1216720","25987","North America"
"Uganda","Republic of Uganda","Kampala","1","32","241550","https://goo.gl/maps/Y7812hFiGa8LD9N68","https://www.openstreetmap.org/relation/192796","45741000","Africa"
"Andorra","Principality of Andorra","Andorra la Vella","42.5","1.5","468","https://goo.gl/maps/JqAnacWE2qEznKgw7","https://www.openstreetmap.org/relation/9407","77265","Europe"
"Burundi","Republic of Burundi","Gitega","-3.5","30","27834","https://goo.gl/maps/RXPWoRrB9tfrJpUG7","https://www.openstreetmap.org/relation/195269","11890781","Africa"
"South Africa","Republic of South Africa","Pretoria","-29","24","1221037","https://goo.gl/maps/CLCZ1R8Uz1KpYhRv6","https://www.openstreetmap.org/relation/87565","59308690","Africa"
"France","French Republic","Paris","46","2","551695","https://goo.gl/maps/g7QxxSFsWyTPKuzd7","https://www.openstreetmap.org/relation/1403916","67391582","Europe"
"Libya","State of Libya","Tripoli","25","17","1759540","https://goo.gl/maps/eLgGnaQWcJEdYRMy5","openstreetmap.org/relation/192758","6871287","Africa"
"Mexico","United Mexican States","Mexico City","23","-102","1964375","https://goo.gl/maps/s5g7imNPMDEePxzbA","https://www.openstreetmap.org/relation/114686","128932753","North America"
"Gabon","Gabonese Republic","Libreville","-1","11.75","267668","https://goo.gl/maps/vyRSkqw1H1fnq4ry6","https://www.openstreetmap.org/relation/192793","2225728","Africa"
"Northern Mariana Islands","Commonwealth of the Northern Mariana Islands","Saipan","15.2","145.75","464","https://goo.gl/maps/cpZ67knoRAcfu1417","https://www.openstreetmap.org/relation/306004","57557","Oceania"
"North Macedonia","Republic of North Macedonia","Skopje","41.83333333","22","25713","https://goo.gl/maps/55Q8MEnF6ACdu3q79","https://www.openstreetmap.org/relation/53293","2077132","Europe"
"China","People's Republic of China","Beijing","35","105","9706961","https://goo.gl/maps/p9qC6vgiFRRXzvGi7","https://www.openstreetmap.org/relation/270056","1402112000","Asia"
"Yemen","Republic of Yemen","Sana'a","15","48","527968","https://goo.gl/maps/WCmE76HKcLideQQw7","https://www.openstreetmap.org/relation/305092","29825968","Asia"
"Saint Barthélemy","Collectivity of Saint Barthélemy","Gustavia","18.5","-63.41666666","21","https://goo.gl/maps/Mc7GqH466S7AAk297","https://www.openstreetmap.org/relation/7552779","4255","North America"
"Guernsey","Bailiwick of Guernsey","St. Peter Port","49.46666666","-2.58333333","78","https://goo.gl/maps/6kXnQU5QvEZMD9VB7","https://www.openstreetmap.org/relation/270009","62999","Europe"
"Solomon Islands","Solomon Islands","Honiara","-8","159","28896","https://goo.gl/maps/JbPkx86Ywjv8C1n8A","https://www.openstreetmap.org/relation/1857436","686878","Oceania"
"Svalbard and Jan Mayen","Svalbard og Jan Mayen","Longyearbyen","78","20","61399","https://goo.gl/maps/L2wyyn3cQ16PzQ5J8","https://www.openstreetmap.org/relation/1337397","2562","Europe"
"Faroe Islands","Faroe Islands","Tórshavn","62","-7","1393","https://goo.gl/maps/6sTru4SmHdEVcNkM6","https://www.openstreetmap.org/relation/52939","48865","Europe"
"Uzbekistan","Republic of Uzbekistan","Tashkent","41","64","447400","https://goo.gl/maps/AJpo6MjMx23qSWCz8","https://www.openstreetmap.org/relation/196240","34232050","Asia"
"Egypt","Arab Republic of Egypt","Cairo","27","30","1002450","https://goo.gl/maps/uoDRhXbsqjG6L7VG7","https://www.openstreetmap.org/relation/1473947","102334403","Africa"
"Senegal","Republic of Senegal","Dakar","14","-14","196722","https://goo.gl/maps/o5f1uD5nyihCL3HCA","https://www.openstreetmap.org/relation/192775","16743930","Africa"
"Sri Lanka","Democratic Socialist Republic of Sri Lanka","Sri Jayawardenepura Kotte","7","81","65610","https://goo.gl/maps/VkPHoeFSfgzRQCDv8","https://www.openstreetmap.org/relation/536807","21919000","Asia"
"Palestine","State of Palestine","Ramallah","31.9","35.2","6220","https://goo.gl/maps/QvTbkRdmdWEoYAmt5","https://www.openstreetmap.org/relation/1703814","4803269","Asia"
"Bangladesh","People's Republic of Bangladesh","Dhaka","24","90","147570","https://goo.gl/maps/op6gmLbHcvv6rLhH6","https://www.openstreetmap.org/relation/184640","164689383","Asia"
"Peru","Republic of Peru","Lima","-10","-76","1285216","https://goo.gl/maps/uDWEUaXNcZTng1fP6","https://www.openstreetmap.org/relation/288247","32971846","South America"
"Singapore","Republic of Singapore","Singapore","1.36666666","103.8","710","https://goo.gl/maps/QbQt9Y9b5KFzsahV6","https://www.openstreetmap.org/relation/536780","5685807","Asia"
"Turkey","Republic of Turkey","Ankara","39","35","783562","https://goo.gl/maps/dXFFraiUDfcB6Quk6","https://www.openstreetmap.org/relation/174737","84339067","Europe, Asia"
"Afghanistan","Islamic Republic of Afghanistan","Kabul","33","65","652230","https://goo.gl/maps/BXBGw7yUUFknCfva9","https://www.openstreetmap.org/relation/303427","40218234","Asia"
"Aruba","Aruba","Oranjestad","12.5","-69.96666666","180","https://goo.gl/maps/8hopbQqifHAgyZyg8","https://www.openstreetmap.org/relation/1231749","106766","North America"
"Cook Islands","Cook Islands","Avarua","-21.23333333","-159.76666666","236","https://goo.gl/maps/nrGZrvWRGB4WHgDC9","https://www.openstreetmap.org/relation/2184233","18100","Oceania"
"United Kingdom","United Kingdom of Great Britain and Northern Ireland","London","54","-2","242900","https://goo.gl/maps/FoDtc3UKMkFsXAjHA","https://www.openstreetmap.org/relation/62149","67215293","Europe"
"Zambia","Republic of Zambia","Lusaka","-15","30","752612","https://goo.gl/maps/mweBcqvW8TppZW6q9","https://www.openstreetmap.org/relation/195271","18383956","Africa"
"Finland","Republic of Finland","Helsinki","64","26","338424","https://goo.gl/maps/HjgWDCNKRAYHrkMn8","openstreetmap.org/relation/54224","5530719","Europe"
"Niger","Republic of Niger","Niamey","16","8","1267000","https://goo.gl/maps/VKNU2TLsZcgxM49c8","https://www.openstreetmap.org/relation/192786","24206636","Africa"
"Christmas Island","Territory of Christmas Island","Flying Fish Cove","-10.5","105.66666666","135","https://goo.gl/maps/ZC17hHsQZpShN5wk9","https://www.openstreetmap.org/relation/6365444","2072","Asia"
"Tokelau","Tokelau","Fakaofo","-9","-172","12","https://goo.gl/maps/Ap5qN8qien6pT9UN6","https://www.openstreetmap.org/relation/2186600","1411","Oceania"
"Guinea-Bissau","Republic of Guinea-Bissau","Bissau","12","-15","36125","https://goo.gl/maps/5Wyaz17miUc1zLc67","https://www.openstreetmap.org/relation/192776","1967998","Africa"
"Azerbaijan","Republic of Azerbaijan","Baku","40.5","47.5","86600","https://goo.gl/maps/az3Zz7ar2aoB9AUc6","https://www.openstreetmap.org/relation/364110","10110116","Europe, Asia"
"Réunion","Réunion Island","Saint-Denis","-21.15","55.5","2511","https://goo.gl/maps/wWpBrXsp8UHVbah29","https://www.openstreetmap.org/relation/1785276","840974","Africa"
"Djibouti","Republic of Djibouti","Djibouti","11.5","43","23200","https://goo.gl/maps/V1HWfzN3bS1kwf4C6","https://www.openstreetmap.org/relation/192801","988002","Africa"
"North Korea","Democratic People's Republic of Korea","Pyongyang","40","127","120538","https://goo.gl/maps/9q5T2DMeH5JL7Tky6","https://www.openstreetmap.org/relation/192734","25778815","Asia"
"Mauritius","Republic of Mauritius","Port Louis","-20.28333333","57.55","2040","https://goo.gl/maps/PpKtZ4W3tir5iGrz7","https://www.openstreetmap.org/relation/535828","1265740","Africa"
"Montserrat","Montserrat","Plymouth","16.75","-62.2","102","https://goo.gl/maps/CSbe7UmxPmiwQB7GA","https://www.openstreetmap.org/relation/537257","4922","North America"
"United States Virgin Islands","Virgin Islands of the United States","Charlotte Amalie","18.35","-64.933333","347","https://goo.gl/maps/mBfreywj8dor6q4m9","openstreetmap.org/relation/286898","106290","North America"
"Colombia","Republic of Colombia","Bogotá","4","-72","1141748","https://goo.gl/maps/zix9qNFX69E9yZ2M6","https://www.openstreetmap.org/relation/120027","50882884","South America"
"Greece","Hellenic Republic","Athens","39","22","131990","https://goo.gl/maps/LHGcAvuRyD2iKECC6","https://www.openstreetmap.org/relation/192307","10715549","Europe"
"Croatia","Republic of Croatia","Zagreb","45.16666666","15.5","56594","https://goo.gl/maps/qSG6xTKUmrYpwmGQ6","https://www.openstreetmap.org/relation/214885","4047200","Europe"
"Morocco","Kingdom of Morocco","Rabat","32","-5","446550","https://goo.gl/maps/6oMv3dyBZg3iaXQ5A","https://www.openstreetmap.org/relation/3630439","36910558","Africa"
"Algeria","People's Democratic Republic of Algeria","Algiers","28","3","2381741","https://goo.gl/maps/RsAyAfyaiNVb8DpW8","https://www.openstreetmap.org/relation/192756","44700000","Africa"
"Antarctica","Antarctica","","-90","0","14000000","https://goo.gl/maps/kyBuJriu4itiXank7","https://www.openstreetmap.org/node/36966060","1000","Antarctica"
"Netherlands","Kingdom of the Netherlands","Amsterdam","52.5","5.75","41850","https://goo.gl/maps/Hv6zQswGhFxoVVBm6","https://www.openstreetmap.org/relation/47796","16655799","Europe"
"Sudan","Republic of the Sudan","Khartoum","15","30","1886068","https://goo.gl/maps/bNW7YUJCaqR8zcXn7","https://www.openstreetmap.org/relation/192789","43849269","Africa"
"Fiji","Republic of Fiji","Suva","17.7134","178.065","18272","https://goo.gl/maps/r9fhDqoLZdg1zmE99","https://www.openstreetmap.org/relation/571747","896444","Oceania"
"Liechtenstein","Principality of Liechtenstein","Vaduz","47.26666666","9.53333333","160","https://goo.gl/maps/KNuHeiJzAPodwM7y6","https://www.openstreetmap.org/relation/1155955","38137","Europe"
"Nepal","Federal Democratic Republic of Nepal","Kathmandu","28","84","147181","https://goo.gl/maps/UMj2zpbQp7B5c3yT7","https://www.openstreetmap.org/relation/184633","29136808","Asia"
"Puerto Rico","Commonwealth of Puerto Rico","San Juan","18.25","-66.5","8870","https://goo.gl/maps/sygfDbtwn389wu8x5","https://www.openstreetmap.org/relation/4422604","3194034","North America"
"Georgia","Georgia","Tbilisi","42","43.5","69700","https://goo.gl/maps/bvCaGBePR1ZEDK5cA","https://www.openstreetmap.org/relation/28699","3714000","Asia"
"Pakistan","Islamic Republic of Pakistan","Islamabad","30","70","881912","https://goo.gl/maps/5LYujdfR5yLUXoERA","https://www.openstreetmap.org/relation/307573","220892331","Asia"
"Monaco","Principality of Monaco","Monaco","43.73333333","7.4","2.02","https://goo.gl/maps/DGpndDot28bYdXYn7","https://www.openstreetmap.org/relation/1124039","39244","Europe"
"Botswana","Republic of Botswana","Gaborone","-22","24","582000","https://goo.gl/maps/E364KeLy6N4JwxwQ8","https://www.openstreetmap.org/relation/1889339","2351625","Africa"
"Lebanon","Lebanese Republic","Beirut","33.83333333","35.83333333","10452","https://goo.gl/maps/Sz5VCU8UFBqMyTdc9","https://www.openstreetmap.org/relation/184843","6825442","Asia"
"Papua New Guinea","Independent State of Papua New Guinea","Port Moresby","-6","147","462840","https://goo.gl/maps/ChGmzZBjZ3vnBwR2A","https://goo.gl/maps/ChGmzZBjZ3vnBwR2A","8947027","Oceania"
"Mayotte","Department of Mayotte","Mamoudzou","-12.83333333","45.16666666","374","https://goo.gl/maps/1e7MXmfBwQv3TQGF7","https://www.openstreetmap.org/relation/1259885","226915","Africa"
"Dominican Republic","Dominican Republic","Santo Domingo","19","-70.66666666","48671","https://goo.gl/maps/soxooTHxEeiAbn3UA","https://www.openstreetmap.org/relation/307828","10847904","North America"
"Norfolk Island","Territory of Norfolk Island","Kingston","-29.03333333","167.95","36","https://goo.gl/maps/pbvtm6XYd1iZbjky5","https://www.openstreetmap.org/relation/2574988","2302","Oceania"
"Bouvet Island","Bouvet Island","","54.4208","3.3464","49","https://goo.gl/maps/7WRQAEKZb4uK36yi9","https://www.openstreetmap.org/way/174996681","","Antarctica"
"Qatar","State of Qatar","Doha","25.5","51.25","11586","https://goo.gl/maps/ZV76Y49z7LLUZ2KQ6","https://www.openstreetmap.org/relation/305095","2881060","Asia"
"Madagascar","Republic of Madagascar","Antananarivo","-20","47","587041","https://goo.gl/maps/AHQh2ABBaFW6Ngj26","https://www.openstreetmap.org/relation/447325","27691019","Africa"
"India","Republic of India","New Delhi","20","77","3287590","https://goo.gl/maps/WSk3fLwG4vtPQetp7","https://www.openstreetmap.org/relation/304716","1380004385","Asia"
"Syria","Syrian Arab Republic","Damascus","35","38","185180","https://goo.gl/maps/Xe3VnFbwdb4nv2SM9","https://www.openstreetmap.org/relation/184840","17500657","Asia"
"Montenegro","Montenegro","Podgorica","42.5","19.3","13812","https://goo.gl/maps/4THX1fM7WqANuPbB8","https://www.openstreetmap.org/relation/53296","621718","Europe"
"Eswatini","Kingdom of Eswatini","Mbabane","-26.5","31.5","17364","https://goo.gl/maps/cUY79eqQihFSE8hV6","https://www.openstreetmap.org/relation/88210","1160164","Africa"
"Paraguay","Republic of Paraguay","Asunción","-23","-58","406752","https://goo.gl/maps/JtnqG73WJn1Gx6mz6","https://www.openstreetmap.org/relation/287077","7132530","South America"
"El Salvador","Republic of El Salvador","San Salvador","13.83333333","-88.91666666","21041","https://goo.gl/maps/cZnCEi5sEMQtKKcB7","https://www.openstreetmap.org/relation/1520612","6486201","North America"
"Ukraine","Ukraine","Kyiv","49","32","603500","https://goo.gl/maps/DvgJMiPJ7aozKFZv7","https://www.openstreetmap.org/relation/60199","44134693","Europe"
"Isle of Man","Isle of Man","Douglas","54.25","-4.5","572","https://goo.gl/maps/4DqVHDgVaFgnh8ZV8","https://www.openstreetmap.org/relation/62269","85032","Europe"
"Namibia","Republic of Namibia","Windhoek","-22","17","825615","https://goo.gl/maps/oR1i8BFEYX3EY83WA","https://www.openstreetmap.org/relation/195266","2540916","Africa"
"United Arab Emirates","United Arab Emirates","Abu Dhabi","24","54","83600","https://goo.gl/maps/AZZTDA6GzVAnKMVd8","https://www.openstreetmap.org/relation/307763","9890400","Asia"
"Bulgaria","Republic of Bulgaria","Sofia","43","25","110879","https://goo.gl/maps/F5uAhDGWzc3BrHfm9","https://www.openstreetmap.org/relation/186382","6927288","Europe"
"Greenland","Greenland","Nuuk","72","-40","2166086","https://goo.gl/maps/j3289UPEQXt1ceSy8","https://www.openstreetmap.org/relation/2184073","56367","North America"
"Germany","Federal Republic of Germany","Berlin","51","9","357114","https://goo.gl/maps/mD9FBMq1nvXUBrkv6","https://www.openstreetmap.org/relation/51477","83240525","Europe"
"Cambodia","Kingdom of Cambodia","Phnom Penh","13","105","181035","https://goo.gl/maps/nztQtFSrUXZymJaW8","https://www.openstreetmap.org/relation/49898","16718971","Asia"
"Iraq","Republic of Iraq","Baghdad","33","44","438317","https://goo.gl/maps/iL8Bmy1sUCW9fUk18","https://www.openstreetmap.org/relation/304934","40222503","Asia"
"French Southern and Antarctic Lands","Territory of the French Southern and Antarctic Lands","Port-aux-Français","-49.25","69.167","7747","https://goo.gl/maps/6ua6CX1m4w1xF2Em7","https://www.openstreetmap.org/relation/2186658","400","Antarctica"
"Sweden","Kingdom of Sweden","Stockholm","62","15","450295","https://goo.gl/maps/iqygE491ADVgnBW39","https://www.openstreetmap.org/relation/52822","10353442","Europe"
"Cuba","Republic of Cuba","Havana","21.5","-80","109884","https://goo.gl/maps/1dDw1QfZspfMUTm99","https://www.openstreetmap.org/relation/307833","11326616","North America"
"Kyrgyzstan","Kyrgyz Republic","Bishkek","41","75","199951","https://goo.gl/maps/SKG8BSMMQVvxkRkB7","https://www.openstreetmap.org/relation/178009","6591600","Asia"
"Russia","Russian Federation","Moscow","60","100","17098242","https://goo.gl/maps/4F4PpDhGJgVvLby57","https://www.openstreetmap.org/relation/60189#map=3/65.15/105.29","144104080","Europe, Asia"
"Malaysia","Malaysia","Kuala Lumpur","2.5","112.5","330803","https://goo.gl/maps/qrY1PNeUXGyXDcPy6","https://www.openstreetmap.org/relation/2108121","32365998","Asia"
"São Tomé and Príncipe","Democratic Republic of São Tomé and Príncipe","São Tomé","1","7","964","https://goo.gl/maps/9EUppm13RtPX9oF46","https://www.openstreetmap.org/relation/535880","219161","Africa"
"Cyprus","Republic of Cyprus","Nicosia","35","33","9251","https://goo.gl/maps/77hPBRdLid8yD5Bm7","https://www.openstreetmap.org/relation/307787","1207361","Europe"
"Canada","Canada","Ottawa","60","-95","9984670","https://goo.gl/maps/jmEVLugreeqiZXxbA","https://www.openstreetmap.org/relation/1428125","38005238","North America"
"Malawi","Republic of Malawi","Lilongwe","-13.5","34","118484","https://goo.gl/maps/mc6z83pW9m98X2Ef6","https://www.openstreetmap.org/relation/195290","19129955","Africa"
"Saudi Arabia","Kingdom of Saudi Arabia","Riyadh","25","45","2149690","https://goo.gl/maps/5PSjvdJ1AyaLFRrG9","https://www.openstreetmap.org/relation/307584","34813867","Asia"
"Bosnia and Herzegovina","Bosnia and Herzegovina","Sarajevo","44","18","51209","https://www.google.com/maps/place/Bosnia+and+Herzegovina","https://www.openstreetmap.org/relation/2528142","3280815","Europe"
"Ethiopia","Federal Democratic Republic of Ethiopia","Addis Ababa","8","38","1104300","https://goo.gl/maps/2Q4hQWCbhuZLj3fG6","https://www.openstreetmap.org/relation/192800","114963583","Africa"
"Spain","Kingdom of Spain","Madrid","40","-4","505992","https://goo.gl/maps/138JaXW8EZzRVitY9","https://www.openstreetmap.org/relation/1311341","47351567","Europe"
"Slovenia","Republic of Slovenia","Ljubljana","46.11666666","14.81666666","20273","https://goo.gl/maps/7zgFmswcCJh5L5D49","https://www.openstreetmap.org/relation/218657","2100126","Europe"
"Oman","Sultanate of Oman","Muscat","21","57","309500","https://goo.gl/maps/L2BoXoAwDDwWecnw5","https://www.openstreetmap.org/relation/305138","5106622","Asia"
"Saint Pierre and Miquelon","Saint Pierre and Miquelon","Saint-Pierre","46.83333333","-56.33333333","242","https://goo.gl/maps/bUM8Yc8pA8ghyhmt6","https://www.openstreetmap.org/relation/3406826","6069","North America"
"Macau","Macao Special Administrative Region of the People's Republic of China","","22.16666666","113.55","30","https://goo.gl/maps/whymRdk3dZFfAAs4A","https://www.openstreetmap.org/relation/1867188","649342","Asia"
"San Marino","Republic of San Marino","City of San Marino","43.76666666","12.41666666","61","https://goo.gl/maps/rxCVJjm8dVY93RPY8","https://www.openstreetmap.org/relation/54624","33938","Europe"
"Lesotho","Kingdom of Lesotho","Maseru","-29.5","28.5","30355","https://goo.gl/maps/H8gJi5mL4Cmd1SF28","https://www.openstreetmap.org/relation/2093234","2142252","Africa"
"Marshall Islands","Republic of the Marshall Islands","Majuro","9","168","181","https://goo.gl/maps/A4xLi1XvcX88gi3W8","https://www.openstreetmap.org/relation/571771","59194","Oceania"
"Sint Maarten","Sint Maarten","Philipsburg","18.033333","-63.05","34","https://goo.gl/maps/DjvcESy1a1oGEZuNA","https://www.openstreetmap.org/relation/1231790","40812","North America"
"Iceland","Iceland","Reykjavik","65","-18","103000","https://goo.gl/maps/WxFWSQuc3oamNxoE6","https://www.openstreetmap.org/relation/299133","366425","Europe"
"Luxembourg","Grand Duchy of Luxembourg","Luxembourg","49.75","6.16666666","2586","https://goo.gl/maps/L6b2AgndgHprt2Ko9","https://www.openstreetmap.org/relation/2171347#map=10/49.8167/6.1335","632275","Europe"
"Argentina","Argentine Republic","Buenos Aires","-34","-64","2780400","https://goo.gl/maps/Z9DXNxhf2o93kvyc6","https://www.openstreetmap.org/relation/286393","45376763","South America"
"Turks and Caicos Islands","Turks and Caicos Islands","Cockburn Town","21.75","-71.58333333","948","https://goo.gl/maps/R8VUDQfwZiFtvmyn8","https://www.openstreetmap.org/relation/547479","38718","North America"
"Nauru","Republic of Nauru","Yaren","-0.53333333","166.91666666","21","https://goo.gl/maps/kyAGw6XEJgjSMsTK7","https://www.openstreetmap.org/relation/571804","10834","Oceania"
"Cocos (Keeling) Islands","Territory of the Cocos (Keeling) Islands","West Island","12.1642","96.871","14","https://goo.gl/maps/3eCdKVpVfMcZyKcK6","https://www.openstreetmap.org/relation/82636","544","Asia"
"Western Sahara","Sahrawi Arab Democratic Republic","El Aaiún","24.5","-13","266000","https://goo.gl/maps/7nU3mB69vP6zQp7A8","https://www.openstreetmap.org/relation/5441968","510713","Africa"
"Dominica","Commonwealth of Dominica","Roseau","15.41666666","-61.33333333","751","https://goo.gl/maps/HSKdHYpFC8oHHuyV7","https://www.openstreetmap.org/relation/307823","71991","North America"
"Costa Rica","Republic of Costa Rica","San José","10","-84","51100","https://goo.gl/maps/RFiwytjvNrpfKN7k6","https://www.openstreetmap.org/relation/287667","5094114","North America"
"Australia","Commonwealth of Australia","Canberra","-27","133","7692024","https://goo.gl/maps/DcjaDa7UbhnZTndH6","https://www.openstreetmap.org/relation/80500","25687041","Oceania"
"Thailand","Kingdom of Thailand","Bangkok","15","100","513120","https://goo.gl/maps/qeU6uqsfW4nCCwzw9","https://www.openstreetmap.org/relation/2067731","69799978","Asia"
"Haiti","Republic of Haiti","Port-au-Prince","19","-72.41666666","27750","https://goo.gl/maps/9o13xtjuUdqFnHbn9","https://www.openstreetmap.org/relation/307829","11402533","North America"
"Tuvalu","Tuvalu","Funafuti","-8","178","26","https://goo.gl/maps/LbuUxtkgm1dfN1Pn6","https://www.openstreetmap.org/relation/2177266","11792","Oceania"
"Honduras","Republic of Honduras","Tegucigalpa","15","-86.5","112492","https://goo.gl/maps/BbeJK8Sk2VkMHbdF8","https://www.openstreetmap.org/relation/287670","9904608","North America"
"Equatorial Guinea","Republic of Equatorial Guinea","Malabo","2","10","28051","https://goo.gl/maps/ucWfFd8aW1FbGMva9","https://www.openstreetmap.org/relation/192791","1402985","Africa"
"Saint Lucia","Saint Lucia","Castries","13.88333333","-60.96666666","616","https://goo.gl/maps/4HhJ2jkPdSL9BPRcA","https://www.openstreetmap.org/relation/550728","183629","North America"
"French Polynesia","French Polynesia","Papeetē","17.6797","149.4068","4167","https://goo.gl/maps/xgg6BQTRyeQg4e1m6","https://www.openstreetmap.org/relation/3412620","280904","Oceania"
"Belarus","Republic of Belarus","Minsk","53","28","207600","https://goo.gl/maps/PJUDU3EBPSszCQcu6","https://www.openstreetmap.org/relation/59065","9398861","Europe"
"Latvia","Republic of Latvia","Riga","57","25","64559","https://goo.gl/maps/iQpUkH7ghq31ZtXe9","https://www.openstreetmap.org/relation/72594","1901548","Europe"
"Palau","Republic of Palau","Ngerulmud","7.5","134.5","459","https://goo.gl/maps/MVasQBbUkQP7qQDR9","https://www.openstreetmap.org/relation/571805","18092","Oceania"
"Guadeloupe","Guadeloupe","Basse-Terre","16.25","-61.583333","1628","https://goo.gl/maps/Dy9R2EufJtoWm8UN9","https://www.openstreetmap.org/relation/7109289","400132","North America"
"Philippines","Republic of the Philippines","Manila","13","122","342353","https://goo.gl/maps/k8T2fb5VMUfsWFX6A","https://www.openstreetmap.org/relation/443174","109581085","Asia"
"Gibraltar","Gibraltar","Gibraltar","36.13333333","-5.35","6","https://goo.gl/maps/CEoHAs1t6byCBhHFA","https://www.openstreetmap.org/relation/1278736","33691","Europe"
"Denmark","Kingdom of Denmark","Copenhagen","56","10","43094","https://goo.gl/maps/UddGPN7hAyrtpFiT6","https://www.openstreetmap.org/relation/50046","5831404","Europe"
"Cameroon","Republic of Cameroon","Yaoundé","6","12","475442","https://goo.gl/maps/JqiipHgFboG3rBJh9","https://www.openstreetmap.org/relation/192830","26545864","Africa"
"Guinea","Republic of Guinea","Conakry","11","-10","245857","https://goo.gl/maps/8J5oM5sA4Ayr1ZYGA","https://www.openstreetmap.org/relation/192778","13132792","Africa"
"Bahrain","Kingdom of Bahrain","Manama","26","50.55","765","https://goo.gl/maps/5Zue99Zc6vFBHxzJ7","https://www.openstreetmap.org/relation/378734","1701583","Asia"
"Suriname","Republic of Suriname","Paramaribo","4","-56","163820","https://goo.gl/maps/iy7TuQLSi4qgoBoG7","https://www.openstreetmap.org/relation/287082","586634","South America"
"DR Congo","Democratic Republic of the Congo","Kinshasa","0","25","2344858","https://goo.gl/maps/KfhNVn6VqdZXWu8n9","https://www.openstreetmap.org/relation/192795","108407721","Africa"
"Somalia","Federal Republic of Somalia","Mogadishu","10","49","637657","https://goo.gl/maps/8of8q7D1a8p7R6Fc9","https://www.openstreetmap.org/relation/192799","15893219","Africa"
"Czechia","Czech Republic","Prague","49.75","15.5","78865","https://goo.gl/maps/47dmgeXMZyhDHyQW8","https://www.openstreetmap.org/relation/51684","10698896","Europe"
"New Caledonia","New Caledonia","Nouméa","-21.5","165.5","18575","https://goo.gl/maps/cBhtCeMdob4U7FRU9","https://www.openstreetmap.org/relation/3407643","271960","Oceania"
"Vanuatu","Republic of Vanuatu","Port Vila","-16","167","12189","https://goo.gl/maps/hwAjehcT7VfvP5zJ8","https://www.openstreetmap.org/relation/2177246","307150","Oceania"
"Saint Helena, Ascension and Tristan da Cunha","Saint Helena, Ascension and Tristan da Cunha","Jamestown","-15.95","-5.72","394","https://goo.gl/maps/iv4VxnPzHkjLCJuc6","https://www.openstreetmap.org/relation/4868269#map=13/-15.9657/-5.7120","53192","Africa"
"Togo","Togolese Republic","Lomé","8","1.16666666","56785","https://goo.gl/maps/jzAa9feXuXPrKVb89","https://www.openstreetmap.org/relation/192782","8278737","Africa"
"British Virgin Islands","Virgin Islands","Road Town","18.431383","-64.62305","151","https://goo.gl/maps/49C9cSesNVAR9DQk8","https://www.openstreetmap.org/relation/285454","30237","North America"
"Kenya","Republic of Kenya","Nairobi","1","38","580367","https://goo.gl/maps/Ni9M7wcCxf8bJHLX8","https://www.openstreetmap.org/relation/192798","53771300","Africa"
"Niue","Niue","Alofi","-19.03333333","-169.86666666","260","https://goo.gl/maps/xFgdzs3E55Rk1y8P9","https://www.openstreetmap.org/relation/1558556","1470","Oceania"
"Heard Island and McDonald Islands","Heard Island and McDonald Islands","","-53.0818","73.5042","412","https://goo.gl/maps/k5FBAiVaVyozuYeA7","https://www.openstreetmap.org/relation/2177227","","Antarctica"
"Rwanda","Republic of Rwanda","Kigali","-2","30","26338","https://goo.gl/maps/j5xb5r7CLqjYbyP86","https://www.openstreetmap.org/relation/171496","12952209","Africa"
"Estonia","Republic of Estonia","Tallinn","59","26","45227","https://goo.gl/maps/6SsynwGUodL1sDvq8","https://www.openstreetmap.org/relation/79510","1331057","Europe"
"Romania","Romania","Bucharest","46","25","238391","https://goo.gl/maps/845hAgCf1mDkN3vr7","https://www.openstreetmap.org/relation/90689","19286123","Europe"
"Trinidad and Tobago","Republic of Trinidad and Tobago","Port of Spain","10.6918","-61.2225","5130","https://goo.gl/maps/NrRfDEWoG8FGZqWY7","https://www.openstreetmap.org/relation/555717","1399491","North America"
"Guyana","Co-operative Republic of Guyana","Georgetown","5","-59","214969","https://goo.gl/maps/DFsme2xEeugUAsCx5","https://www.openstreetmap.org/relation/287083","786559","South America"
"Timor-Leste","Democratic Republic of Timor-Leste","Dili","-8.83333333","125.91666666","14874","https://goo.gl/maps/sFqBC9zjgUXPR1iTA","https://www.openstreetmap.org/relation/305142","1318442","Oceania"
"Vietnam","Socialist Republic of Vietnam","Hanoi","16.16666666","107.83333333","331212","https://goo.gl/maps/PCpVt9WzdJ9A9nEZ9","https://www.openstreetmap.org/relation/49915","97338583","Asia"
"Uruguay","Oriental Republic of Uruguay","Montevideo","-33","-56","181034","https://goo.gl/maps/tiQ9Baekb1jQtDSD9","https://www.openstreetmap.org/relation/287072","3473727","South America"
"Vatican City","Vatican City State","Vatican City","41.9","12.45","0.44","https://goo.gl/maps/DTKvw5Bd1QZaDZmE8","https://www.openstreetmap.org/relation/36989","451","Europe"
"Hong Kong","Hong Kong Special Administrative Region of the People's Republic of China","City of Victoria","22.267","114.188","1104","https://goo.gl/maps/1sEnNmT47ffrC8MU8","https://www.openstreetmap.org/relation/913110","7500700","Asia"
"Austria","Republic of Austria","Vienna","47.33333333","13.33333333","83871","https://goo.gl/maps/pCWpWQhznHyRzQcu9","https://www.openstreetmap.org/relation/16239","8917205","Europe"
"Antigua and Barbuda","Antigua and Barbuda","Saint John's","17.05","-61.8","442","https://goo.gl/maps/fnye4wGJ1RzC9jpX9","https://www.openstreetmap.org/relation/536900","97928","North America"
"Turkmenistan","Turkmenistan","Ashgabat","40","60","488100","https://goo.gl/maps/cgfUcaQHSWKuqeKk9","https://www.openstreetmap.org/relation/223026","6031187","Asia"
"Mozambique","Republic of Mozambique","Maputo","-18.25","35","801590","https://goo.gl/maps/xCLcY9fzU6x4Pueu5","https://www.openstreetmap.org/relation/195273","31255435","Africa"
"Panama","Republic of Panama","Panama City","9","-80","75417","https://goo.gl/maps/sEN7sKqeawa5oPNLA","https://www.openstreetmap.org/relation/287668","4314768","North America"
"Micronesia","Federated States of Micronesia","Palikir","6.91666666","158.25","702","https://goo.gl/maps/LLcnofC5LxZsJXTo8","https://www.openstreetmap.org/relation/571802","115021","Oceania"
"Ireland","Republic of Ireland","Dublin","53","-8","70273","https://goo.gl/maps/hxd1BKxgpchStzQC6","https://www.openstreetmap.org/relation/62273","4994724","Europe"
"Curaçao","Country of Curaçao","Willemstad","12.116667","-68.933333","444","https://goo.gl/maps/9D3hTeA3qKaRT7S16","https://www.openstreetmap.org/relation/1216719","155014","North America"
"French Guiana","Guiana","Cayenne","4","-53","83534","https://goo.gl/maps/NJawFwMzG7YtCrVP7","https://www.openstreetmap.org/relation/2502058","254541","South America"
"Norway","Kingdom of Norway","Oslo","62","10","323802","https://goo.gl/maps/htWRrphA7vNgQNdSA","https://www.openstreetmap.org/relation/2978650","5379475","Europe"
"Åland Islands","Åland Islands","Mariehamn","60.116667","19.9","1580","https://goo.gl/maps/ewFb3vYsfUmVCoSb8","https://www.openstreetmap.org/relation/1650407","29458","Europe"
"Central African Republic","Central African Republic","Bangui","7","21","622984","https://goo.gl/maps/51V8dsi2rGYC9n3c9","https://www.openstreetmap.org/relation/192790","4829764","Africa"
"Burkina Faso","Burkina Faso","Ouagadougou","13","-2","272967","https://goo.gl/maps/rKRmpcMbFher2ozb7","https://www.openstreetmap.org/relation/192783","20903278","Africa"
"Eritrea","State of Eritrea","Asmara","15","39","117600","https://goo.gl/maps/HRyqUpnPwwG6jY5j6","https://www.openstreetmap.org/relation/296961","5352000","Africa"
"Tanzania","United Republic of Tanzania","Dodoma","-6","35","945087","https://goo.gl/maps/NWYMqZYXte4zGZ2Q8","https://www.openstreetmap.org/relation/195270","59734213","Africa"
"South Korea","Republic of Korea","Seoul","37","127.5","100210","https://goo.gl/maps/7ecjaJXefjAQhxjGA","https://www.openstreetmap.org/relation/307756","51780579","Asia"
"Jordan","Hashemite Kingdom of Jordan","Amman","31","36","89342","https://goo.gl/maps/ko1dzSDKg8Gsi9A98","https://www.openstreetmap.org/relation/184818","10203140","Asia"
"Mauritania","Islamic Republic of Mauritania","Nouakchott","20","-12","1030700","https://goo.gl/maps/im2MmQ5jFjzxWBks5","https://www.openstreetmap.org/relation/192763","4649660","Africa"
"Lithuania","Republic of Lithuania","Vilnius","56","24","65300","https://goo.gl/maps/dd1s9rrLjrK2G8yY6","https://www.openstreetmap.org/relation/72596","2794700","Europe"
"United States Minor Outlying Islands","United States Minor Outlying Islands","Washington DC","19.3","166.633333","34.2","https://goo.gl/maps/hZKnrzgeK69dDyPF8","https://www.openstreetmap.org/relation/6430384","300","Oceania"
"Slovakia","Slovak Republic","Bratislava","48.66666666","19.5","49037","https://goo.gl/maps/uNSH2wW4bLoZVYJj7","https://www.openstreetmap.org/relation/14296","5458827","Europe"
"Angola","Republic of Angola","Luanda","-12.5","18.5","1246700","https://goo.gl/maps/q42Qbf1BmQL3fuZg9","https://www.openstreetmap.org/relation/195267","32866268","Africa"
"Kazakhstan","Republic of Kazakhstan","Nur-Sultan","48.0196","66.9237","2724900","https://goo.gl/maps/8VohJGu7ShuzZYyeA","https://www.openstreetmap.org/relation/214665","18754440","Asia"
"Moldova","Republic of Moldova","Chișinău","47","29","33846","https://goo.gl/maps/JjmyUuULujnDeFPf7","https://www.openstreetmap.org/relation/58974","2617820","Europe"
"Mali","Republic of Mali","Bamako","17","-4","1240192","https://goo.gl/maps/u9mYJkCB19wyuzh27","https://www.openstreetmap.org/relation/192785","20250834","Africa"
"Falkland Islands","Falkland Islands","Stanley","-51.75","-59","12173","https://goo.gl/maps/TZH1x7AGanQKifNk7","https://www.openstreetmap.org/relation/2185374","2563","South America"
"Armenia","Republic of Armenia","Yerevan","40","45","29743","https://goo.gl/maps/azWUtK9bUQYEyccbA","https://www.openstreetmap.org/relation/364066","2963234","Asia"
"Samoa","Independent State of Samoa","Apia","-13.58333333","-172.33333333","2842","https://goo.gl/maps/CFC9fEFP9cfkYUBF9","https://www.openstreetmap.org/relation/1872673","198410","Oceania"
"Jersey","Bailiwick of Jersey","Saint Helier","49.25","-2.16666666","116","https://goo.gl/maps/rXG8GZZtsqK92kTCA","https://www.openstreetmap.org/relation/367988","100800","Europe"
"Japan","Japan","Tokyo","36","138","377930","https://goo.gl/maps/NGTLSCSrA8bMrvnX9","https://www.openstreetmap.org/relation/382313","125836021","Asia"
"Bolivia","Plurinational State of Bolivia","Sucre","-17","-65","1098581","https://goo.gl/maps/9DfnyfbxNM2g5U9b9","https://www.openstreetmap.org/relation/252645","11673029","South America"
"Chile","Republic of Chile","Santiago","-30","-71","756102","https://goo.gl/maps/XboxyNHh2fAjCPNn9","https://www.openstreetmap.org/relation/167454","19116209","South America"
"United States","United States of America","Washington, D.C.","38","-97","9372610","https://goo.gl/maps/e8M246zY4BSjkjAv6","https://www.openstreetmap.org/relation/148838#map=2/20.6/-85.8","329484123","North America"
"Saint Vincent and the Grenadines","Saint Vincent and the Grenadines","Kingstown","13.25","-61.2","389","https://goo.gl/maps/wMbnMqjG37FMnrwf7","https://www.openstreetmap.org/relation/550725","110947","North America"
"Bermuda","Bermuda","Hamilton","32.33333333","-64.75","54","https://goo.gl/maps/NLsRGNjTzDghTtAJA","https://www.openstreetmap.org/relation/1993208","63903","North America"
"Seychelles","Republic of Seychelles","Victoria","-4.58333333","55.66666666","452","https://goo.gl/maps/aqCcy2TKh5TV5MAX8","https://www.openstreetmap.org/relation/536765","98462","Africa"
"British Indian Ocean Territory","British Indian Ocean Territory","Diego Garcia","-6","71.5","60","https://goo.gl/maps/bheNucgekVEYozoi6","https://www.openstreetmap.org/relation/1993867","3000","Asia"
"Guatemala","Republic of Guatemala","Guatemala City","15.5","-90.25","108889","https://goo.gl/maps/JoRAbem4Hxb9FYbVA","https://www.openstreetmap.org/relation/1521463","16858333","North America"
"Ecuador","Republic of Ecuador","Quito","-2","-77.5","276841","https://goo.gl/maps/TbX8hUW4gcbRPZiK7","https://www.openstreetmap.org/relation/108089","17643060","South America"
"Martinique","Martinique","Fort-de-France","14.666667","-61","1128","https://goo.gl/maps/87ER7sDAFU7JjcvR6","https://www.openstreetmap.org/relation/2473088","378243","North America"
"Tajikistan","Republic of Tajikistan","Dushanbe","39","71","143100","https://goo.gl/maps/8rQgW88jEXijhVb58","https://www.openstreetmap.org/relation/214626","9537642","Asia"
"Malta","Republic of Malta","Valletta","35.9375","14.3754","316","https://goo.gl/maps/skXCqguxDxxEKVk47","https://www.openstreetmap.org/relation/365307","525285","Europe"
"Gambia","Republic of the Gambia","Banjul","13.46666666","-16.56666666","10689","https://goo.gl/maps/bbGBCxxtfD2A9Z4m6","https://www.openstreetmap.org/relation/192774","2416664","Africa"
"Nigeria","Federal Republic of Nigeria","Abuja","10","8","923768","https://goo.gl/maps/LTn417qWwBPFszuV9","https://www.openstreetmap.org/relation/192787","206139587","Africa"
"Bahamas","Commonwealth of the Bahamas","Nassau","25.0343","-77.3963","13943","https://goo.gl/maps/1YzRs1BZrG8p8pmVA","https://www.openstreetmap.org/relation/547469","393248","North America"
"Kosovo","Republic of Kosovo","Pristina","42.666667","21.166667","10908","https://goo.gl/maps/CSC4Yc8SWPgburuD9","https://www.openstreetmap.org/relation/2088990","1775378","Europe"
"Kuwait","State of Kuwait","Kuwait City","29.5","45.75","17818","https://goo.gl/maps/aqr3aNQjS1BAvksJ7","https://www.openstreetmap.org/relation/305099","4270563","Asia"
"Maldives","Republic of the Maldives","Malé","3.25","73","300","https://goo.gl/maps/MNAWGq9vEdbZ9vUV7","https://www.openstreetmap.org/relation/536773","540542","Asia"
"South Sudan","Republic of South Sudan","Juba","7","30","619745","https://goo.gl/maps/Zm1AYCXb9HSNF1P27","https://www.openstreetmap.org/relation/1656678","11193729","Africa"
"Iran","Islamic Republic of Iran","Tehran","32","53","1648195","https://goo.gl/maps/dMgEGuacBPGYQnjY7","https://www.openstreetmap.org/relation/304938","83992953","Asia"
"Albania","Republic of Albania","Tirana","41","20","28748","https://goo.gl/maps/BzN9cTuj68ZA8SyZ8","https://www.openstreetmap.org/relation/53292","2837743","Europe"
"Brazil","Federative Republic of Brazil","Brasília","-10","-55","8515767","https://goo.gl/maps/waCKk21HeeqFzkNC9","https://www.openstreetmap.org/relation/59470","212559409","South America"
"Serbia","Republic of Serbia","Belgrade","44","21","88361","https://goo.gl/maps/2Aqof7aV2Naq8YEK8","https://www.openstreetmap.org/relation/1741311","6908224","Europe"
"Belize","Belize","Belmopan","17.25","-88.75","22966","https://goo.gl/maps/jdCccpdLodm1uTmo9","https://www.openstreetmap.org/relation/287827","397621","North America"
"Myanmar","Republic of the Union of Myanmar","Naypyidaw","22","98","676578","https://goo.gl/maps/4jrZyJkDERUfHyp26","https://www.openstreetmap.org/relation/50371","54409794","Asia"
"Bhutan","Kingdom of Bhutan","Thimphu","27.5","90.5","38394","https://goo.gl/maps/VEfXXBftTFLUpNgp8","https://www.openstreetmap.org/relation/184629","771612","Asia"
"Venezuela","Bolivarian Republic of Venezuela","Caracas","8","-66","916445","https://goo.gl/maps/KLCwDN8sec7z2kse9","https://www.openstreetmap.org/relation/272644","28435943","South America"
"Liberia","Republic of Liberia","Monrovia","6.5","-9.5","111369","https://goo.gl/maps/4VsHsc2oeGeRL3wg6","https://www.openstreetmap.org/relation/192780","5057677","Africa"
"Jamaica","Jamaica","Kingston","18.25","-77.5","10991","https://goo.gl/maps/Z8mQ6jxnRQKFwJy9A","https://www.openstreetmap.org/relation/555017","2961161","North America"
"Poland","Republic of Poland","Warsaw","52","20","312679","https://goo.gl/maps/gY9Xw4Sf4415P4949","https://www.openstreetmap.org/relation/49715","37950802","Europe"
"Cayman Islands","Cayman Islands","George Town","19.3133","-81.2546","264","https://goo.gl/maps/P3ZVXX3LH63t91hL8","https://www.openstreetmap.org/relation/7269765","65720","North America"
"Brunei","Nation of Brunei, Abode of Peace","Bandar Seri Begawan","4.5","114.66666666","5765","https://goo.gl/maps/4jb4CqBXhr8vNh579","https://www.openstreetmap.org/relation/2103120","437483","Asia"
"Comoros","Union of the Comoros","Moroni","-12.16666666","44.25","1862","https://goo.gl/maps/eas4GP28C1GyStnu6","https://www.openstreetmap.org/relation/535790","869595","Africa"
"Guam","Guam","Hagåtña","13.46666666","144.78333333","549","https://goo.gl/maps/Xfnq2i279b18cH3C9","https://www.openstreetmap.org/relation/306001","168783","Oceania"
"Tonga","Kingdom of Tonga","Nuku'alofa","-20","-175","747","https://goo.gl/maps/p5YALBY2QdEzswRo7","https://www.openstreetmap.org/relation/2186665","105697","Oceania"
"Kiribati","Independent and Sovereign Republic of Kiribati","South Tarawa","1.41666666","173","811","https://goo.gl/maps/NBfYvrndW4skAimw9","https://www.openstreetmap.org/relation/571178","119446","Oceania"
"Ghana","Republic of Ghana","Accra","8","-2","238533","https://goo.gl/maps/Avy5RSmdsXFBaiXq8","https://www.openstreetmap.org/relation/192781","31072945","Africa"
"Chad","Republic of Chad","N'Djamena","15","19","1284000","https://goo.gl/maps/ziUdAZ8skuNfx5Hx7","https://www.openstreetmap.org/relation/2361304","16425859","Africa"
"Zimbabwe","Republic of Zimbabwe","Harare","-20","30","390757","https://goo.gl/maps/M26BqdwQctqxXS65A","https://www.openstreetmap.org/relation/195272","14862927","Africa"
"Saint Martin","Saint Martin","Marigot","18.0708","63.0501","53","https://goo.gl/maps/P9ho9QuJ9EAR28JEA","https://www.openstreetmap.org/relation/63064","38659","North America"
"Mongolia","Mongolia","Ulan Bator","46","105","1564110","https://goo.gl/maps/A1X7bMCKThBDNjzH6","https://www.openstreetmap.org/relation/161033","3278292","Asia"
"Portugal","Portuguese Republic","Lisbon","39.5","-8","92090","https://goo.gl/maps/BaTBSyc4GWMmbAKB8","https://www.openstreetmap.org/relation/295480","10305564","Europe"
"American Samoa","American Samoa","Pago Pago","-14.33333333","-170","199","https://goo.gl/maps/Re9ePMjwP1sFCBFA6","https://www.openstreetmap.org/relation/2177187","55197","Oceania"
"Republic of the Congo","Republic of the Congo","Brazzaville","-1","15","342000","https://goo.gl/maps/Phf5dDDKdfCtuBTb6","https://www.openstreetmap.org/relation/192794","5657000","Africa"
"Belgium","Kingdom of Belgium","Brussels","50.83333333","4","30528","https://goo.gl/maps/UQQzat85TCtPRXAL8","https://www.openstreetmap.org/relation/52411","11555997","Europe"
"Israel","State of Israel","Jerusalem","31.47","35.13","20770","https://goo.gl/maps/6UY1AH8XeafVwdC97","https://www.openstreetmap.org/relation/1473946","9216900","Asia"
"New Zealand","New Zealand","Wellington","-41","174","270467","https://goo.gl/maps/xXiDQo65dwdpw9iu8","https://www.openstreetmap.org/relation/556706#map=5/-46.710/172.046","5084300","Oceania"
"Nicaragua","Republic of Nicaragua","Managua","13","-85","130373","https://goo.gl/maps/P77LaEVkKJKXneRC6","https://www.openstreetmap.org/relation/287666","6624554","North America"
"Anguilla","Anguilla","The Valley","18.25","-63.16666666","91","https://goo.gl/maps/3KgLnEyN7amdno2p9","https://www.openstreetmap.org/relation/2177161","13452","North America"